insert into Usuario_registrado (rut, nombre, apellido, contraseña, cuidad, comuna, calle, numero) values ('306879545-1', 'Tyrus', 'Culleford', 'MwbtzCi', 'Birmingham', 'Alabama', 'Duke', '90465');
insert into Usuario_registrado (rut, nombre, apellido, contraseña, cuidad, comuna, calle, numero) values ('278432021-9', 'Milka', 'Eacott', 'UZ5OvSd3p', 'Mobile', 'Alabama', 'Anhalt', '7');
insert into Usuario_registrado (rut, nombre, apellido, contraseña, cuidad, comuna, calle, numero) values ('305085438-3', 'Jorie', 'Sheere', 'a0iHTug', 'Montgomery', 'Alabama', 'Delaware', '362');
insert into Usuario_registrado (rut, nombre, apellido, contraseña, cuidad, comuna, calle, numero) values ('136568875-5', 'Sinclair', 'Sayre', 'FW0QhgSTqySU', 'Montgomery', 'Alabama', 'Tennyson', '615');
insert into Usuario_registrado (rut, nombre, apellido, contraseña, cuidad, comuna, calle, numero) values ('176561139-3', 'Angie', 'Harcase', 'OaFshJzU', 'Montgomery', 'Alabama', 'Mendota', '11');
insert into Usuario_registrado (rut, nombre, apellido, contraseña, cuidad, comuna, calle, numero) values ('249996899-0', 'Carena', 'Ruffles', 'ZI7PTugh8tfX', 'Mobile', 'Alabama', 'Utah', '12');
insert into Usuario_registrado (rut, nombre, apellido, contraseña, cuidad, comuna, calle, numero) values ('763893592-6', 'Vida', 'Pelchat', '3qJSbn6p', 'Montgomery', 'Alabama', 'Dakota', '1');
insert into Usuario_registrado (rut, nombre, apellido, contraseña, cuidad, comuna, calle, numero) values ('241713940-5', 'Wang', 'Blacksland', 'xfiKiLE', 'Birmingham', 'Alabama', 'Esch', '366');
insert into Usuario_registrado (rut, nombre, apellido, contraseña, cuidad, comuna, calle, numero) values ('599075296-2', 'Dody', 'Sarle', 'zgvyg8', 'Mobile', 'Alabama', 'Arkansas', '865');
insert into Usuario_registrado (rut, nombre, apellido, contraseña, cuidad, comuna, calle, numero) values ('323253216-0', 'Kaspar', 'Sussans', 'qb8zgnifngem', 'Anniston', 'Alabama', 'John Wall', '95624');
insert into Usuario_registrado (rut, nombre, apellido, contraseña, cuidad, comuna, calle, numero) values ('648183626-3', 'Jaquelyn', 'Sarra', 'GbJN1jPRsJP', 'Birmingham', 'Alabama', 'Portage', '98');
insert into Usuario_registrado (rut, nombre, apellido, contraseña, cuidad, comuna, calle, numero) values ('829389547-0', 'Glynnis', 'Francke', 'c1XYWnULDRt3', 'Birmingham', 'Alabama', 'Dunning', '251');
insert into Usuario_registrado (rut, nombre, apellido, contraseña, cuidad, comuna, calle, numero) values ('047649815-5', 'Coop', 'Plitz', 'FgcEUFcm', 'Montgomery', 'Alabama', 'Darwin', '7');
insert into Usuario_registrado (rut, nombre, apellido, contraseña, cuidad, comuna, calle, numero) values ('010149813-6', 'Ellynn', 'Sharp', 'xEh5kd', 'Mobile', 'Alabama', 'Commercial', '19179');
insert into Usuario_registrado (rut, nombre, apellido, contraseña, cuidad, comuna, calle, numero) values ('776710609-8', 'Cindra', 'Jamrowicz', 'LItCVm0', 'Birmingham', 'Alabama', 'Briar Crest', '57');
insert into Usuario_registrado (rut, nombre, apellido, contraseña, cuidad, comuna, calle, numero) values ('871686152-3', 'Brunhilde', 'Saice', '4zMW2gCWwqNj', 'Birmingham', 'Alabama', 'Northview', '235');
insert into Usuario_registrado (rut, nombre, apellido, contraseña, cuidad, comuna, calle, numero) values ('575845479-6', 'Chrysler', 'Scapelhorn', 'gOZkWCc', 'Mobile', 'Alabama', 'Lakewood', '7');
insert into Usuario_registrado (rut, nombre, apellido, contraseña, cuidad, comuna, calle, numero) values ('425064965-2', 'Florencia', 'Dwine', 'T0E6k4BUc', 'Birmingham', 'Alabama', 'Cambridge', '432');
insert into Usuario_registrado (rut, nombre, apellido, contraseña, cuidad, comuna, calle, numero) values ('926517328-9', 'Gustave', 'Dyke', 'Wzm6FeCgj', 'Montgomery', 'Alabama', 'Sage', '7443');
insert into Usuario_registrado (rut, nombre, apellido, contraseña, cuidad, comuna, calle, numero) values ('905280622-5', 'Jaynell', 'Cruxton', 'hJBUH1FF33Gu', 'Birmingham', 'Alabama', 'Veith', '0');

insert into categoria (id_categoria,nombre,descripcion) values (1,'Deportes','Zapatillas,poleras,busos ')
insert into categoria (id_categoria,nombre,descripcion) values (2,'Mujer','Blusas,pantalones,calzado ')
insert into categoria (id_categoria,nombre,descripcion) values (3,'Hombres','Zapatillas,poleras,chaquetas ')
insert into categoria (id_categoria,nombre,descripcion) values (4,'Cocina','ollas,sartenes,cuchillerias ')
insert into categoria (id_categoria,nombre,descripcion) values (5,'Fitness','Mancuernas,sacos de box ')
insert into categoria (id_categoria,nombre,descripcion) values (6,'Infantil','zapatitos,poleras,enteritos ')
insert into categoria (id_categoria,nombre,descripcion) values (7,'Alimento','carb,aceites,azucar ');

insert into producto (id_producto,id_categoria,descuento,cantidad,precio,color,descripcion,nombre) values (1,1,2500,5,40000,'rojo','poleron rojo con detalles rosados marca diadora','poleron diadora');
insert into producto (id_producto,id_categoria,descuento,cantidad,precio,color,descripcion,nombre) values (2,2,0,10,3500,'azul','Blusa color azul marca adidas','Blusa adidas azul');
insert into producto (id_producto,id_categoria,descuento,cantidad,precio,color,descripcion,nombre) values (3,2,250,4,45000,'blanco','pantalon tela blanca sivila','pantalon blanco sivila');

--falta

insert into producto (id_producto,id_categoria,descuento,cantidad,precio,color,descripcion,nombre) values (4,3,500,8,8700,'rojo','poleron rojo con detalles rosados marca diadora','poleron diadora');
insert into producto (id_producto,id_categoria,descuento,cantidad,precio,color,descripcion,nombre) values (5,4,2500,12,65000,'rojo','poleron rojo con detalles rosados marca diadora','poleron diadora');
insert into producto (id_producto,id_categoria,descuento,cantidad,precio,color,descripcion,nombre) values (6,5,2500,11,42500,'rojo','poleron rojo con detalles rosados marca diadora','poleron diadora');
insert into producto (id_producto,id_categoria,descuento,cantidad,precio,color,descripcion,nombre) values (7,6,2500,16,7800,'rojo','poleron rojo con detalles rosados marca diadora','poleron diadora');
insert into producto (id_producto,id_categoria,descuento,cantidad,precio,color,descripcion,nombre) values (8,4,2500,9,2200,'rojo','poleron rojo con detalles rosados marca diadora','poleron diadora');
insert into producto (id_producto,id_categoria,descuento,cantidad,precio,color,descripcion,nombre) values (9,7,2500,10,6000,'blanco','poleron rojo con detalles rosados marca diadora','poleron diadora');
insert into producto (id_producto,id_categoria,descuento,cantidad,precio,color,descripcion,nombre) values (10,7,2500,8,2500,'rojo','poleron rojo con detalles rosados marca diadora','poleron diadora');


